Date,Open,High,Low,Close,Adj Close,Volume
2013-06-11,37.5,37.5,37.349998,37.375,36.170807,5491504
2013-06-12,37.474998,37.474998,37.375,37.400002,36.195,1439660
2013-06-13,37.349998,37.400002,37.299999,37.349998,36.14661,5803900
2013-06-14,37.5,37.5,37.325001,37.375,36.170807,145274
2013-06-17,37.5,37.875,37.5,37.599998,36.388554,1291490
2013-06-18,37.724998,37.75,37.375,37.450001,36.243385,1269372
2013-06-19,37.650002,39.924999,37.525002,39.275002,38.00959,1278440
2013-06-20,39.099998,40.674999,38.700001,39.950001,38.662842,1299438
2013-06-21,40.75,40.75,39.625,40.424999,39.122536,985590
2013-06-24,40,40.5,40,40.025002,38.735428,317082
2013-06-25,40,40.125,39.625,40,38.711227,252714
2013-06-26,40,40.325001,39.900002,39.950001,38.662842,92710
2013-06-27,40.450001,40.450001,39.674999,39.875,38.590256,65668
2013-06-28,39.900002,40.299999,39.525002,39.849998,38.566063,1232558
2013-07-01,40,40.5,39.849998,40.099998,38.80801,1161864
2013-07-02,40.325001,40.325001,39.825001,39.849998,38.566063,579750
2013-07-03,39.849998,40.200001,39.650002,39.75,38.469284,416872
2013-07-04,40.150002,40.150002,39.724998,39.75,38.469284,1711354
2013-07-05,40,40,39.625,39.724998,38.445091,1842176
2013-07-08,39.974998,40,39.700001,39.75,38.469284,1141552
2013-07-09,40.400002,40.400002,39.799999,40.049999,38.759613,1891024
2013-07-10,40.025002,41,39.875,40.549999,39.243507,1207408
2013-07-11,40.75,41.674999,40.650002,41.525002,40.187096,897644
2013-07-12,42,42.5,41.849998,42.349998,40.985508,416040
2013-07-15,42.450001,42.950001,42.125,42.275002,40.91293,222068
2013-07-16,41.5,42.075001,41.174999,41.775002,40.429039,1455850
2013-07-17,41.775002,42.299999,41,41.25,39.920956,773598
2013-07-18,41.275002,41.349998,40.5,40.75,39.437065,517182
2013-07-19,41.25,41.474998,40.224998,40.375,39.074146,243634
2013-07-22,40.375,41.950001,39.5,39.575001,38.299923,741574
2013-07-23,39.599998,40.924999,38,39.900002,38.614449,889022
2013-07-24,39.75,40.25,39,39.400002,38.130558,1095886
2013-07-25,39.474998,39.950001,38.5,38.924999,37.670864,237496
2013-07-26,38.849998,39.224998,38.150002,38.525002,37.283756,1289916
2013-07-29,39,39,30.825001,33.025002,31.960958,2857176
2013-07-30,32.575001,35,26.424999,26.424999,25.573605,1562758
2013-07-31,23.799999,25.475,23.799999,23.799999,23.03318,2113836
2013-08-01,22.5,26.174999,21.549999,26.15,25.307467,1807874
2013-08-02,27.35,28.75,26.525,28.725,27.799501,1317832
2013-08-05,29.9,31.575001,29.25,31.35,30.339928,1229324
2013-08-06,31.6,33.700001,31.25,32.974998,31.912573,1392284
2013-08-07,33.150002,34.450001,33.150002,33.950001,32.856159,512484
2013-08-08,34.224998,34.5,32.5,32.775002,31.719013,832940
2013-08-12,32.75,33.5,32.525002,32.875,31.81579,752952
2013-08-13,32.900002,33.349998,32.599998,32.799999,31.743206,548360
2013-08-14,33.325001,33.325001,32.5,32.625,31.573845,454250
2013-08-16,32.625,33.099998,31.799999,32.049999,31.017372,379388
2013-08-19,32.450001,32.549999,32,32.474998,31.42868,824172
2013-08-20,32.525002,33,32.174999,32.799999,31.743206,1008540
2013-08-21,32.825001,33.950001,32.825001,33.450001,32.372265,1099614
2013-08-22,33.450001,33.950001,33.299999,33.549999,32.46904,1742146
2013-08-23,33.549999,34.049999,33.5,33.924999,32.831963,771318
2013-08-26,33.849998,34.5,33.849998,34.150002,33.049713,517288
2013-08-27,33.625,35,33.575001,34.900002,33.775551,1235498
2013-08-28,35.150002,36,35.125,35.724998,34.573967,1393144
2013-08-29,36.375,36.724998,36.025002,36.400002,35.227219,998652
2013-08-30,36.75,37.549999,35.75,37.200001,36.001442,1690408
2013-09-02,37.724998,39,37.400002,38.325001,37.290688,628536
2013-09-03,39.599998,39.599998,38.75,38.974998,37.923138,574892
2013-09-04,39,39.349998,39,39.099998,38.044769,1134714
2013-09-05,39.125,40,39.125,39.950001,38.87183,542268
2013-09-06,40.25,40.424999,40,40.099998,39.017784,852178
2013-09-10,40.025002,40.724998,37.75,38.974998,37.923138,1134520
2013-09-11,39.125,39.450001,38,38.200001,37.169056,1127718
2013-09-12,37.75,38.400002,36.5,36.650002,35.660889,841626
2013-09-13,36.875,37.299999,36.650002,36.900002,35.904144,236154
2013-09-16,37.549999,37.549999,36.799999,36.900002,35.904144,1056538
2013-09-17,37,37.174999,36.575001,36.700001,35.709545,2551904
2013-09-18,36.849998,36.849998,36.450001,36.5,35.514935,453362
2013-09-19,37,37,35.5,35.75,34.785175,731356
2013-09-20,35.5,36.474998,35.5,36,35.028431,524818
2013-09-23,36.325001,36.325001,34.924999,35.25,34.298672,560364
2013-09-24,35.25,35.25,33.400002,33.549999,32.64455,332638
2013-09-25,33.625,34,32.849998,33.924999,33.00943,1087968
2013-09-26,34.474998,35.650002,34,35.474998,34.517597,1217242
2013-09-27,35.549999,36.5,35.549999,36.174999,35.198704,1328548
2013-09-30,36.5,37.125,35.125,35.849998,34.882481,1793192
2013-10-01,36,36.349998,35,35.974998,35.004105,597746
2013-10-03,36.375,36.424999,35.599998,35.825001,34.858154,504168
2013-10-04,36,36.025002,35.125,35.224998,34.274345,598506
2013-10-07,35.974998,35.974998,34.75,35.275002,34.323002,925750
2013-10-08,35.75,35.849998,35,35.224998,34.274345,1092032
2013-10-09,35.224998,35.424999,34.650002,34.825001,33.885143,472560
2013-10-10,34.950001,35.299999,34.5,34.525002,33.593243,75436
2013-10-11,35,35,34.5,34.525002,33.593243,50374
2013-10-14,34.875,35,33.299999,33.75,32.839157,1950930
2013-10-15,33.75,33.849998,32.900002,33.450001,32.547249,724774
2013-10-17,33.5,33.875,32.799999,33.674999,32.766182,326692
2013-10-18,33.75,33.799999,33.25,33.474998,32.571571,180318
2013-10-21,33.775002,34,33.5,33.575001,32.66888,1592478
2013-10-22,33.825001,34.599998,33.224998,34.400002,33.471615,1130204
2013-10-23,34.75,35.049999,34.625,34.974998,34.031094,1165930
2013-10-24,35.349998,35.625,35,35.150002,34.201374,385830
2013-10-25,35,35.450001,34,34.825001,33.885143,1725988
2013-10-28,34.75,34.775002,34.25,34.450001,33.520267,307344
2013-10-29,34.25,34.625,31.775,34.025002,33.106735,1538526
2013-10-30,34.275002,34.275002,33.875,34,33.082405,672866
2013-10-31,34.025002,34.224998,33.5,33.924999,33.00943,99832
2013-11-01,33.900002,34.375,33.5,33.724998,32.814827,807992
2013-11-05,34.549999,37.150002,34.099998,36.599998,35.612236,480542
2013-11-06,36.75,37.75,36.75,37.325001,36.317673,767678
2013-11-07,37.674999,37.825001,36.75,37.450001,36.439297,942654
2013-11-08,37.5,37.625,36.674999,36.875,35.879818,896434
2013-11-11,37.974998,40.25,37.950001,39.849998,38.774529,1460874
2013-11-12,40.200001,41.424999,39.625,39.950001,38.87183,725448
2013-11-13,40.424999,40.424999,39.75,39.974998,38.896152,364874
2013-11-14,40,41.150002,39.025002,39.625,38.555599,459086
2013-11-18,40.200001,41.200001,39.5,40.799999,39.698891,586700
2013-11-19,41.25,43,40.75,41.599998,40.477299,683202
2013-11-20,41.450001,42.174999,41.349998,41.924999,40.793522,239914
2013-11-21,41.75,42,41,41.049999,39.942142,44780
2013-11-22,41.375,41.900002,40.525002,41.400002,40.282696,230246
2013-11-25,41.849998,41.849998,40.5,41.200001,40.088097,1095654
2013-11-26,41.599998,41.924999,40.174999,41.75,40.623249,395658
2013-11-27,41.525002,42.450001,41.525002,42.224998,41.08543,1520300
2013-11-28,42.5,42.599998,41.700001,42.049999,40.915154,780638
2013-11-29,42.325001,42.900002,42,42.575001,41.425987,5413290
2013-12-02,42.5,43.375,42.5,42.950001,41.790867,1336684
2013-12-03,42.775002,43.799999,42.775002,43.549999,42.374668,569702
2013-12-04,43.924999,44.950001,43.575001,44.349998,43.15308,746352
2013-12-05,44.75,45,44.5,44.849998,43.639587,339220
2013-12-06,45.025002,45.450001,43.525002,43.924999,42.739555,184912
2013-12-09,44.474998,44.950001,43.400002,43.825001,42.642254,612936
2013-12-10,43.549999,44.25,43.25,43.474998,42.301697,808636
2013-12-11,43.375,43.75,42.424999,42.650002,41.498966,548382
2013-12-12,42.799999,43.450001,41.775002,42.900002,41.742214,899476
2013-12-13,43.900002,43.924999,42,42.275002,41.134083,305332
2013-12-16,42.5,43.950001,42.025002,42.275002,41.134083,716164
2013-12-17,42.474998,42.825001,41.75,42.125,40.988132,455384
2013-12-18,42.700001,42.700001,41.625,41.825001,40.696228,364020
2013-12-19,42.25,42.900002,41.650002,41.950001,40.817856,724200
2013-12-20,41.875,41.900002,39.400002,41.525002,40.404324,1237188
2013-12-23,41.525002,42.424999,41.5,41.674999,40.550274,1190616
2013-12-24,42,42.224998,41.625,41.75,40.623249,992508
2013-12-26,41.900002,42.200001,41.650002,41.974998,40.842178,1647746
2013-12-27,42.299999,42.325001,41.625,41.849998,40.720547,293000
2013-12-30,42.25,42.525002,41.5,41.875,40.744877,1552700
2013-12-31,42.400002,42.450001,41.549999,41.724998,40.598927,1172906
2014-01-01,42.200001,42.200001,41.25,41.424999,40.307022,98796
2014-01-02,41.974998,41.974998,40.75,41.299999,40.185394,713630
2014-01-03,40.5,41.924999,40.5,41.25,40.136745,377156
2014-01-06,42,42.25,41.700001,42.025002,40.890827,122562
2014-01-07,42.200001,42.650002,41.775002,42.099998,40.963802,315498
2014-01-08,42.5,43.400002,42.25,43.099998,41.936813,378422
2014-01-09,43.125,45,43.125,44.849998,43.639587,614986
2014-01-10,44.674999,46.049999,44,44.474998,43.274704,1068204
2014-01-13,44.775002,46.450001,44.775002,45.950001,44.709904,412332
2014-01-14,45.599998,46.950001,45.599998,46.450001,45.196407,331554
2014-01-15,46.724998,47.349998,46.424999,46.924999,45.658585,1028586
2014-01-16,47,47.25,46.150002,46.575001,45.318031,211890
2014-01-17,46.200001,46.450001,45.349998,45.474998,44.247719,155778
2014-01-20,45.525002,46.950001,45.125,45.724998,44.490971,330866
2014-01-21,46.25,46.424999,45.275002,45.849998,44.612602,328304
2014-01-22,46,46.25,44.900002,45.974998,44.734226,572712
2014-01-23,46,46.5,46,46.25,45.001804,181916
2014-01-24,46,48.25,46,46.5,45.245056,944880
2014-01-27,45.799999,46.900002,43.974998,44.299999,43.104427,293144
2014-01-28,44.5,45.799999,44.5,45,43.785542,366720
2014-01-29,45.650002,45.700001,44.549999,44.700001,43.493637,249834
2014-01-30,45,45.099998,44.549999,44.900002,43.688236,864672
2014-01-31,44.625,45.275002,44.049999,44.325001,43.128757,477054
2014-02-03,44.25,44.625,43.625,44.349998,43.15308,116424
2014-02-04,44,44.625,43.75,44.375,43.177406,365046
2014-02-05,44.75,44.75,43.474998,43.724998,42.544949,110708
2014-02-06,44.099998,44.174999,43,43.924999,42.739555,962150
2014-02-07,44.224998,44.650002,43.724998,44.224998,43.031456,758920
2014-02-10,44.424999,44.424999,43.674999,43.900002,42.715229,78066
2014-02-11,43.924999,44.200001,43.25,43.424999,42.253044,55096
2014-02-12,43.549999,44.150002,43.125,43.299999,42.13142,34784
2014-02-13,43.974998,44.099998,43.150002,44,42.812531,222878
2014-02-14,44,44.400002,43.174999,43.674999,42.4963,453832
2014-02-17,44.724998,45.400002,43.825001,44.375,43.177406,486524
2014-02-18,43.924999,45.575001,43.900002,44.674999,43.469311,197912
2014-02-19,44.825001,45.75,44,44.625,43.420662,154164
2014-02-20,45,45.950001,44.650002,44.900002,43.688236,583542
2014-02-21,44.875,45.599998,44.75,45.125,43.907166,228662
2014-02-24,45.450001,45.875,45,45.450001,44.223396,87514
2014-02-25,45.599998,46.5,45.174999,46,44.758549,181260
2014-02-26,46.200001,46.900002,46.049999,46.825001,45.561287,685530
2014-02-28,46.924999,47.125,46.25,46.599998,45.342354,282624
2014-03-03,47.150002,48,46.275002,46.900002,45.634262,293054
2014-03-04,47.049999,48.5,47,47.625,46.339695,585052
2014-03-05,47.875,47.974998,47.099998,47.275002,45.999138,130270
2014-03-06,46.525002,47.875,46.525002,47.125,45.853191,104286
2014-03-07,47.174999,47.75,45.525002,47.474998,46.193745,1091784
2014-03-10,47.5,48.075001,46.650002,46.875,45.60994,129496
2014-03-11,46.950001,47.075001,45.775002,46.025002,44.782883,200582
2014-03-12,46,46.825001,45.775002,46.275002,45.026131,280244
2014-03-13,46.049999,46.599998,45.025002,45.424999,44.19907,199788
2014-03-14,45.450001,46.099998,44.950001,45.974998,44.734226,731026
2014-03-18,47.349998,47.349998,46.325001,47,45.731564,175332
2014-03-19,47,47.200001,46.025002,46.224998,44.977478,204884
2014-03-20,46.25,47.099998,45.625,45.974998,44.734226,241738
2014-03-21,46.224998,46.5,45.349998,46.474998,45.22073,547970
2014-03-24,46.075001,47.075001,46,46.474998,45.22073,201160
2014-03-25,46,47.075001,46,46.799999,45.536961,775868
2014-03-26,46.75,47.5,46.549999,47.200001,45.926163,1228062
2014-03-27,47,47.849998,45.650002,46.025002,44.782883,1205064
2014-03-28,46.474998,47.224998,46.299999,46.75,45.488308,1014934
2014-03-31,47.625,49.974998,47.625,49.875,48.528973,972996
2014-04-01,50.125,50.724998,47.900002,48.25,46.947826,228716
2014-04-02,48.849998,50.224998,48.625,50,48.650597,571526
2014-04-03,50.424999,50.424999,48.625,49.049999,47.726238,385384
2014-04-04,48.599998,49.275002,46.875,48.900002,47.580288,304042
2014-04-07,49.5,50,48.25,49.025002,47.701912,176292
2014-04-09,49.950001,50.325001,48.75,49.900002,48.553299,154230
2014-04-10,50.5,50.5,48.75,49.575001,48.237072,164946
2014-04-11,49.049999,49.825001,48.775002,49.224998,47.896511,386516
2014-04-15,49.25,50.075001,49,49.174999,47.847866,198274
2014-04-16,49.625,49.799999,48.625,48.875,47.555962,609332
2014-04-17,49.424999,49.849998,48.650002,48.775002,47.45866,151692
2014-04-21,49.150002,49.625,48.724998,48.875,47.555962,1175446
2014-04-22,49.700001,49.700001,48.650002,49.224998,47.896511,711248
2014-04-23,49.599998,49.974998,48.775002,49.049999,47.726238,349384
2014-04-24,49.049999,49.049999,49.049999,49.049999,47.726238,0
2014-04-25,49.525002,50.125,49.025002,49.349998,48.018143,651724
2014-04-28,49.5,49.75,48.599998,49,47.677589,857024
2014-04-29,48.825001,49.5,48.650002,49.025002,47.701912,981088
2014-04-30,49.450001,50.174999,49,49.299999,47.969486,1459848
2014-05-02,49.700001,50.224998,49.424999,49.525002,48.188423,818720
2014-05-05,49.75,50.450001,49.075001,49.674999,48.334373,2008710
2014-05-06,49.700001,49.875,49.150002,49.375,48.042465,764532
2014-05-07,49.474998,49.849998,49,49.299999,47.969486,360998
2014-05-08,49.200001,49.525002,49.099998,49.224998,47.896511,705418
2014-05-09,49.200001,49.349998,48.375,48.5,47.191082,763572
2014-05-12,49.25,49.75,49.125,49.325001,47.993816,1688458
2014-05-13,50,51.25,49.5,51.125,49.745239,576108
2014-05-14,50,53.349998,50,53.174999,51.739914,1298288
2014-05-15,53.525002,55.125,53.5,54.799999,53.321056,1459868
2014-05-16,55.5,56.049999,52.75,54.674999,53.199429,900520
2014-05-19,55,55.75,54.025002,54.549999,53.077801,740052
2014-05-20,54.75,55.299999,54.25,55.075001,53.588638,476538
2014-05-21,55.150002,55.599998,54,55.474998,53.977837,658940
2014-05-22,56,57.299999,55.5,56.974998,55.437355,956368
2014-05-23,59.950001,60.450001,58.75,59.974998,58.356392,897672
2014-05-26,59.5,62.375,59.5,60.424999,58.794247,313822
2014-05-27,61,62.650002,60.25,60.799999,59.159126,874760
2014-05-28,61.224998,61.224998,58.525002,59.474998,57.869884,1285632
2014-05-29,59,60.625,59,60.375,58.745598,1401590
2014-05-30,60.849998,62.549999,60.775002,62.450001,60.764599,294766
2014-06-02,62.950001,64.925003,62.950001,64.474998,62.734947,407234
2014-06-03,65,65.699997,64.5,64.949997,63.197128,706656
2014-06-04,65.5,65.5,64.275002,64.574997,62.832249,296820
2014-06-05,65.125,65.125,63.75,64.25,62.516018,68030
2014-06-06,64.525002,64.925003,63.424999,63.974998,62.248444,1134084
2014-06-09,64,67,63,66.275002,64.486366,992888
2014-06-10,67.224998,67.224998,66.275002,66.849998,65.045853,384886
2014-06-11,67.224998,68.125,66.75,68,66.16481,967338
2014-06-12,68.074997,69.474998,67.5,67.925003,66.091843,957376
2014-06-13,68,68.375,67.125,67.650002,65.824265,155768
2014-06-16,68.5,68.5,66.300003,67.25,65.435051,1093010
2014-06-17,67.25,67.349998,66.300003,66.775002,64.972878,169774
2014-06-18,69.25,69.25,66.074997,66.525002,64.729622,311772
2014-06-19,67.474998,67.474998,64.449997,65.099998,63.343075,317956
2014-06-20,65,65.150002,62.75,63.025002,61.324078,763054
2014-06-23,63.150002,64.599998,62.549999,63,61.299755,629764
2014-06-24,63,64.099998,62.349998,63.625,61.90789,316510
2014-06-25,64.900002,64.900002,64.074997,64.449997,62.710617,1025456
2014-06-26,64.75,65,64,64.650002,62.905228,1547448
2014-06-27,65,65,64.175003,64.400002,62.661976,810208
2014-06-30,65,65,64.275002,64.5,62.759274,718254
2014-07-01,65.800003,65.900002,64.525002,64.75,63.002525,316534
2014-07-02,65.150002,65.199997,63.599998,64.474998,62.734947,582332
2014-07-03,65,65,63.150002,63.549999,61.834911,962126
2014-07-04,63.75,64.599998,63.25,64,62.272766,1758900
2014-07-07,64.25,65,64.25,64.5,62.759274,1668224
2014-07-08,64.824997,64.900002,62,62.974998,61.275425,2948916
2014-07-09,63.049999,66.5,63.049999,64.675003,62.92955,314370
2014-07-10,64.949997,65.900002,64.224998,64.75,63.002525,285328
2014-07-11,65.199997,67.849998,64.875,66.949997,65.143143,177622
2014-07-14,66.5,68.699997,63.25,65.574997,63.805264,292550
2014-07-15,65.75,66.324997,64.5,64.925003,63.172806,1477062
2014-07-16,65.099998,65.474998,64.824997,65.074997,63.318752,1731606
2014-07-17,65.5,71.375,65.199997,70.199997,68.305443,950618
2014-07-18,68.949997,70.699997,68.824997,69.125,67.259453,478448
2014-07-21,69.800003,71.425003,69.474998,69.900002,68.013542,414040
2014-07-22,70,70.974998,68.849998,70.199997,68.305443,1315062
2014-07-23,71.050003,72.800003,70.75,71.150002,69.229797,478856
2014-07-24,71.650002,71.650002,69.75,70.449997,68.548691,325086
2014-07-25,70.449997,70.5,68.849998,69.150002,67.283783,832812
2014-07-28,69.375,69.5,68.199997,68.800003,66.94323,2173018
2014-07-30,69.199997,69.650002,68.400002,68.925003,67.06485,1973642
2014-07-31,68.974998,70.449997,68.974998,69.300003,67.429726,622998
2014-08-01,69.199997,69.5,68.525002,69.050003,67.186485,478524
2014-08-04,69,69.5,68.949997,69.150002,67.283783,801388
2014-08-05,69.199997,69.849998,69.025002,69.375,67.502708,380110
2014-08-06,69.324997,69.525002,68,68.425003,66.578354,882790
2014-08-07,68.474998,68.974998,68.349998,68.5,66.651321,694108
2014-08-08,68.5,68.625,66.199997,66.724998,64.924225,914908
2014-08-11,67.449997,67.875,66.5,66.900002,65.094498,872760
2014-08-12,66.800003,67.474998,66.75,67.025002,65.216133,520512
2014-08-13,67.125,67.199997,65,65.150002,63.391739,576326
2014-08-14,65.449997,66.099998,65.025002,65.699997,63.92688,387224
2014-08-18,65.25,66.474998,65,65.175003,63.416058,1170082
2014-08-19,65.5,65.5,63.875,64.25,62.516018,330506
2014-08-20,64.474998,65.949997,64.474998,65.050003,63.29443,673368
2014-08-21,67.5,69.25,65.5,65.949997,64.170143,609380
2014-08-22,66.175003,66.400002,63.75,64.050003,62.321426,743280
2014-08-25,64.800003,65.75,63.549999,64.150002,62.41872,463236
2014-08-26,64.150002,64.849998,62.5,62.849998,61.153797,1203660
2014-08-27,63.25,63.299999,61.700001,62.549999,60.8619,504540
2014-08-28,63,66.300003,63,64.550003,62.807922,970084
2014-09-01,64.949997,65,62.049999,62.400002,60.71595,1026682
2014-09-02,62.400002,63.174999,61.875,62.075001,60.399719,690200
2014-09-03,62.25,62.950001,60.775002,62.275002,60.594322,1143476
2014-09-04,62.5,64.050003,62.174999,63.674999,61.956535,559936
2014-09-05,63.75,64.224998,62.474998,63.799999,62.078167,573616
2014-09-08,64.400002,64.5,62.349998,63.474998,61.761936,651394
2014-09-09,63.200001,63.825001,62.575001,62.799999,61.105152,940624
2014-09-10,62.5,63.25,62.125,62.674999,60.983521,377946
2014-09-11,63.5,64.5,62.849998,64.074997,62.345737,482822
2014-09-12,64.625,64.699997,62.424999,62.724998,61.032177,635124
2014-09-15,62.775002,63.450001,62.349998,62.575001,60.886227,356396
2014-09-16,62.700001,63.025002,61.525002,62.025002,60.351074,1412888
2014-09-17,62.200001,62.75,61.549999,61.75,60.083488,486198
2014-09-18,62.025002,62.549999,61.5,61.724998,60.059162,726156
2014-09-19,61.900002,64.75,61.799999,64.25,62.770252,763396
2014-09-22,64.050003,66.449997,64.050003,64.974998,63.47855,702080
2014-09-23,65.150002,65.349998,63.5,64.074997,62.599277,853258
2014-09-24,64.449997,64.449997,62.125,62.650002,61.207104,824882
2014-09-25,62.950001,63.599998,62.5,62.950001,61.500195,3609656
2014-09-26,63.099998,63.549999,62.349998,62.75,61.304798,1379826
2014-09-29,63.075001,63.474998,62.549999,62.875,61.426922,363788
2014-09-30,63.825001,63.825001,62.575001,62.924999,61.475765,441450
2014-10-01,63,63.5,62.5,62.700001,61.255955,1987866
2014-10-07,62.75,63.650002,61.25,62.5,61.060555,1343058
2014-10-08,62.5,62.625,61.75,62,60.572071,482116
2014-10-09,62.200001,62.875,62,62.450001,61.011711,529458
2014-10-10,62.375,62.799999,61.375,62.375,60.938435,1156250
2014-10-13,62.400002,63,61.825001,62.575001,61.133827,1691266
2014-10-14,62.950001,65.449997,61.950001,62.924999,61.475765,1105862
2014-10-15,62.924999,62.924999,62.924999,62.924999,61.475765,0
2014-10-16,62.75,62.799999,61.924999,62.150002,60.718616,771988
2014-10-17,62.275002,62.375,61.200001,61.724998,60.303406,647382
2014-10-20,61.950001,64.449997,61.950001,63.275002,61.817707,347320
2014-10-21,64,65,63.525002,64.474998,62.99007,1158436
2014-10-22,65.224998,65.5,64,64.449997,62.965645,160118
2014-10-27,64.599998,65,64.150002,64.550003,63.063343,137348
2014-10-28,64.625,64.925003,63.724998,64,62.526009,172458
2014-10-29,63.900002,64.449997,63.625,64.125,62.648129,394252
2014-10-30,64.025002,64.25,63.150002,63.775002,62.30619,138252
2014-10-31,64.199997,64.349998,63.25,63.549999,62.086372,85266
2014-11-03,63.700001,63.950001,62.5,62.775002,61.329227,87576
2014-11-05,62.700001,62.950001,61.325001,61.875,60.449951,304874
2014-11-07,61.799999,62.299999,61,61.799999,60.376675,176038
2014-11-10,61.950001,62.75,61.650002,62.349998,60.914013,169848
2014-11-11,62.724998,64.349998,62.700001,63.325001,61.866558,1223506
2014-11-12,63.875,67.224998,63.875,66.625,65.090553,543514
2014-11-13,67.199997,67.900002,66.025002,66.425003,64.895157,604924
2014-11-14,66.650002,69.949997,66.650002,67.775002,66.214066,1178852
2014-11-17,68,68.75,67.349998,67.650002,66.091949,190802
2014-11-18,67.5,68.449997,66.25,67.849998,66.287338,1278046
2014-11-19,68.25,68.824997,66.400002,66.699997,65.163826,306536
2014-11-20,66.699997,67.275002,66.199997,66.650002,65.114983,413276
2014-11-21,66,67.150002,65.650002,66.650002,65.114983,201540
2014-11-24,67.074997,67.400002,65.375,66.400002,64.870735,114444
2014-11-25,66.5,67,64.099998,65.425003,63.918198,2674240
2014-11-26,64.525002,65.449997,64.275002,64.650002,63.161041,135872
2014-11-27,64.800003,67.25,64.800003,66.699997,65.163826,1496840
2014-11-28,67.050003,72.474998,67.050003,69.525002,67.923759,1234540
2014-12-01,70,77,69.949997,72.625,70.952362,1712816
2014-12-02,72.875,72.875,70.5,71,69.364792,467296
2014-12-03,71.25,73.150002,71.125,71.824997,70.170792,492612
2014-12-04,72.449997,73.900002,70,71.675003,70.024246,348868
2014-12-05,71.949997,72.5,70,70.599998,68.974007,892356
2014-12-08,71,72.75,70.800003,71.775002,70.121941,457482
2014-12-09,71.425003,71.800003,70.775002,71.474998,69.82885,875192
2014-12-10,71.5,71.949997,68.824997,69,67.410858,448230
2014-12-11,69.5,71.199997,69,69.375,67.777214,844756
2014-12-12,69.150002,70.324997,68.974998,69.099998,67.508545,817602
2014-12-15,68,70.925003,67.625,69.199997,67.606247,1509260
2014-12-16,69.175003,70.25,65.5,69.650002,68.045883,1010504
2014-12-17,69.525002,70.349998,67.349998,67.75,66.189644,967258
2014-12-18,67.949997,68.849998,67,67.400002,65.84771,191018
2014-12-19,67.5,67.625,53.924999,56.950001,55.638378,926762
2014-12-22,57.650002,63.400002,57.650002,60.75,59.350864,1279304
2014-12-23,60.5,61.525002,59.625,60,58.618134,537948
2014-12-24,60.099998,61.125,59.799999,60.224998,58.837952,783536
2014-12-26,60.424999,60.450001,59.150002,59.450001,58.080803,438260
2014-12-29,59.849998,62.325001,59.799999,61.400002,59.985889,1281324
2014-12-30,61.549999,61.950001,60.625,61.599998,60.181282,1574012
2014-12-31,61.724998,62.549999,61.275002,62.275002,60.84074,1445090
2015-01-01,62,63.349998,61.799999,62.450001,61.011711,183006
2015-01-02,62.700001,63.325001,62.200001,62.900002,61.451347,585092
2015-01-05,62.950001,64.425003,62.950001,64.199997,62.721401,645836
2015-01-06,63.700001,63.75,61.5,62.474998,61.036129,1019110
2015-01-07,62.049999,63.049999,62.049999,62.474998,61.036129,488256
2015-01-08,62.950001,63.224998,62.25,62.599998,61.158253,274694
2015-01-09,62.700001,63.950001,62,62.599998,61.158253,263864
2015-01-12,62.700001,63,62.349998,62.625,61.182678,374580
2015-01-13,62.625,62.950001,62.299999,62.650002,61.207104,466368
2015-01-14,62.599998,62.924999,61.5,62.400002,60.96286,501942
2015-01-15,62.700001,64.800003,62.700001,63.224998,61.76886,424346
2015-01-16,63.450001,64.375,63.25,63.849998,62.379463,348034
2015-01-19,63.950001,64.449997,63.75,63.974998,62.501583,677208
2015-01-20,64.199997,64.724998,63.099998,63.599998,62.13522,640650
2015-01-21,63.650002,64.25,63.299999,63.825001,62.355038,473414
2015-01-22,63.849998,64.699997,63.299999,64.175003,62.69698,479584
2015-01-23,64.5,66.199997,64.5,65.199997,63.698372,758472
2015-01-27,65,65.300003,62.674999,63.450001,61.988678,412716
2015-01-28,63.450001,65.300003,63.299999,64.125,62.648129,674740
2015-01-29,64.175003,64.949997,63.424999,64.474998,62.99007,1747346
2015-01-30,64.474998,65.25,63.549999,64.300003,62.819107,413494
2015-02-02,63.549999,64.5,62.825001,63.200001,61.744434,485848
2015-02-03,63.349998,63.900002,62.75,63.025002,61.573463,139350
2015-02-04,63,63.200001,62.299999,62.549999,61.109406,265646
2015-02-05,62.950001,63,61.799999,61.950001,60.523224,294854
2015-02-06,62.174999,62.900002,61.099998,62.025002,60.5965,181452
2015-02-09,62.200001,63,62.200001,62.674999,61.231522,95720
2015-02-10,62.474998,62.875,62,62.700001,61.255955,386276
2015-02-11,62.950001,63,62,62.125,60.694195,201644
2015-02-12,62.200001,62.799999,61.5,62.224998,60.791885,541150
2015-02-13,63,63.075001,61.799999,62.075001,60.645348,115144
2015-02-16,63.900002,65.550003,62.549999,62.799999,61.353649,553128
2015-02-18,62.799999,62.950001,61.125,61.974998,60.547646,560324
2015-02-19,62,62.75,59.549999,61.275002,59.86377,1609718
2015-02-20,61.299999,66,61,64.974998,63.47855,1274926
2015-02-23,65.25,67.074997,63.549999,64.625,63.136616,1191628
2015-02-24,64,65,63.049999,63.400002,61.939831,1141698
2015-02-25,63.674999,64.150002,62.650002,63.375,61.915405,401210
2015-02-26,63.200001,63.650002,61.549999,61.724998,60.303406,1126600
2015-02-27,62,62.125,61.275002,61.825001,60.401104,596976
2015-03-02,61.450001,62.375,61.174999,61.724998,60.303406,343934
2015-03-03,62,62.25,61.525002,61.974998,60.547646,1430796
2015-03-04,62.200001,62.700001,60.75,61.450001,60.034737,1339412
2015-03-05,61.424999,61.650002,60.299999,61,59.595104,2680746
2015-03-09,60.950001,60.950001,57.650002,58.400002,57.054985,751956
2015-03-10,58.575001,59.950001,58.174999,58.549999,57.20153,1009352
2015-03-11,58.75,59.275002,57.799999,58.950001,57.592316,1155746
2015-03-12,59.25,60.849998,58.049999,60.525002,59.131046,689006
2015-03-13,61,62.25,59.275002,59.724998,58.349468,577780
2015-03-16,60,60.450001,57.5,57.924999,56.590919,1185470
2015-03-17,58.200001,59.049999,57.325001,57.900002,56.566502,667824
2015-03-18,58.200001,58.924999,57.049999,57.575001,56.248985,1089306
2015-03-19,58.200001,58.950001,58.150002,58.275002,56.932861,429630
2015-03-20,58.5,58.849998,54,56.825001,55.516258,1234958
2015-03-23,57.200001,57.400002,55.375,55.775002,54.49044,326466
2015-03-24,56,57,52.75,55.174999,53.904259,678150
2015-03-25,55.174999,55.724998,53.275002,53.700001,52.46323,508344
2015-03-26,53.5,53.700001,48.125,48.825001,47.700508,806692
2015-03-27,49,49.674999,47.049999,47.650002,46.55257,802138
2015-03-30,48.349998,49.099998,48,48.775002,47.651661,722996
2015-03-31,48.25,54.825001,48.25,51.424999,50.240623,1554002
2015-04-01,51.5,54.224998,51.5,54.025002,52.780746,370096
2015-04-06,54.75,58.625,54.650002,57.525002,56.200138,1139866
2015-04-07,57.900002,61.474998,57.900002,60.150002,58.764683,989912
2015-04-08,61,63.349998,60.849998,62.625,61.182678,621748
2015-04-09,63.299999,65.324997,63.299999,64.925003,63.42971,1474620
2015-04-10,65.300003,67.400002,65.099998,66.824997,65.285942,1518846
2015-04-13,67.75,69.199997,64.550003,65.099998,63.600674,1007038
2015-04-15,66.5,66.574997,62.5,63.625,62.159649,572990
2015-04-16,63.950001,64.5,62.349998,64.199997,62.721401,1376396
2015-04-17,64.25,65.300003,62.5,62.950001,61.500195,504964
2015-04-20,63,63.075001,57.950001,58.674999,57.32365,1242926
2015-04-21,58.650002,59.75,57,58.049999,56.713047,533012
2015-04-22,58.450001,59.650002,58.150002,58.625,57.274803,455186
2015-04-23,58.875,59.200001,57.424999,57.775002,56.444378,459374
2015-04-24,58.049999,58.200001,56.200001,56.799999,55.491833,537018
2015-04-27,57.099998,57.25,45.450001,51.5,50.3139,3333508
2015-04-28,51.75,54.950001,49.650002,51.099998,49.923111,1058500
2015-04-29,51.849998,55,51.75,53.349998,52.121292,597084
2015-04-30,53.75,53.849998,52.75,53.049999,51.828201,576072
2015-05-04,53.549999,58.950001,53.200001,57.825001,56.493225,6279986
2015-05-05,58.5,61.525002,57.125,57.974998,56.639771,1056156
2015-05-06,57.724998,58.200001,55.549999,56.400002,55.101048,1162130
2015-05-07,56.400002,57.25,54.275002,54.674999,53.415775,1181792
2015-05-08,55,55.849998,54.299999,54.599998,53.342503,589690
2015-05-11,54.950001,55,54.349998,54.525002,53.26923,668410
2015-05-12,54.825001,55,52.599998,53.075001,51.852623,437336
2015-05-13,53.474998,53.75,52.125,52.724998,51.510681,593838
2015-05-14,52.5,56.599998,51.75,55.424999,54.148502,1010286
2015-05-15,55.950001,56,54,54.375,53.122681,1179872
2015-05-18,54.5,54.75,53.924999,54.375,53.122681,567406
2015-05-19,54.5,54.625,54.049999,54.275002,53.024986,552118
2015-05-20,54.5,54.875,54.150002,54.349998,53.098259,526582
2015-05-21,54.5,54.75,54.200001,54.549999,53.293652,224362
2015-05-22,54.825001,55.174999,54,54.525002,53.26923,2872236
2015-05-25,54.825001,57.950001,54.650002,54.875,53.611168,788654
2015-05-26,55,55.174999,54,54.5,53.244808,241204
2015-05-27,54.424999,54.650002,54.25,54.525002,53.26923,302058
2015-05-28,54.900002,54.900002,53.625,54.099998,52.854015,263740
2015-05-29,54.349998,55.825001,53.25,54.900002,53.635597,1359186
2015-06-01,55.450001,56.5,54.25,55.325001,54.050808,463930
2015-06-02,55,55.349998,53.650002,54.075001,52.829597,1084834
2015-06-03,54.5,54.5,43.275002,50.924999,49.752144,1222930
2015-06-04,51.5,53.424999,51.5,52.174999,50.973351,751382
2015-06-05,52,53.224998,50.849998,51.525002,50.338326,690272
2015-06-08,52.349998,53.200001,51.049999,51.349998,50.167355,754552
2015-06-09,51.5,53.25,50.575001,52.299999,51.095474,1087576
2015-06-10,51.900002,52.950001,51.150002,51.724998,50.533714,782264
2015-06-11,51.924999,52.75,51.025002,51.674999,50.484867,618920
2015-06-12,52,52.724998,50.549999,52.099998,50.900074,1053208
2015-06-15,51.950001,53,51.950001,52.700001,51.486263,508326
2015-06-16,52.724998,53.325001,52.075001,52.974998,51.754925,343858
2015-06-17,53.200001,54.275002,53.200001,53.875,52.634201,921744
2015-06-18,53.950001,55.450001,53.950001,54.75,53.489048,637358
2015-06-19,55.400002,57.825001,55.375,56.174999,54.881229,1737276
2015-06-22,56,57.950001,56,56.924999,55.613953,533924
2015-06-23,57.299999,58.125,55.950001,56.075001,54.783527,777562
2015-06-24,56.674999,57.200001,55.625,56.349998,55.0522,1550022
2015-06-25,56.450001,57,55.5,56.575001,55.272015,1105822
2015-06-26,56.825001,57.599998,56,56.825001,55.516258,1590246
2015-06-29,55.25,57,54.950001,56.799999,55.491833,2010862
2015-06-30,56.799999,59,56.75,57.875,56.542076,884362
2015-07-01,58.25,59.950001,58.25,59.525002,58.154076,1230510
2015-07-02,61.5,68.25,61.5,65.724998,64.211288,3890376
2015-07-03,66.625,66.949997,64,65.625,64.113586,1510692
2015-07-06,65.5,72.5,65.074997,70.875,69.242676,5145638
2015-07-07,71.050003,77.449997,71.050003,76.175003,74.420609,2826568
2015-07-08,75.050003,75.900002,71.949997,74.175003,72.466667,2342314
2015-07-09,75,76.099998,73,74,72.2957,1211768
2015-07-10,74.25,75.800003,71.599998,73.150002,71.465279,10360586
2015-07-13,73.150002,75.275002,72.75,74.324997,72.613205,1078638
2015-07-14,74.650002,74.699997,72.574997,72.800003,71.123337,510490
2015-07-15,73,75,73,74.699997,72.979576,665488
2015-07-16,75.5,78.449997,74.5,77,75.226608,2037206
2015-07-17,77.699997,80.900002,77.550003,79.675003,77.840004,3053112
2015-07-20,80.25,81.800003,79.099998,80.25,78.401749,868454
2015-07-21,80.199997,81,79.150002,79.550003,77.71788,512752
2015-07-22,78.800003,82.400002,78.5,82.125,80.233574,1182440
2015-07-23,84.349998,84.974998,80.650002,81.150002,79.281029,1710238
2015-07-24,80.949997,82.699997,80.5,81.449997,79.574112,1083348
2015-07-27,80.949997,83.400002,80.25,81.599998,79.720657,1856198
2015-07-28,81.949997,83.5,81,81.449997,79.574112,1058056
2015-07-29,81.599998,82.949997,81.074997,81.550003,79.671822,909782
2015-07-30,81.75,81.925003,79,79.224998,77.400352,1698036
2015-07-31,81,84.5,81,83.224998,81.308235,2533948
2015-08-03,83.175003,84.449997,82.5,84,82.065392,617326
2015-08-04,84.025002,84.400002,82.824997,83.550003,81.625748,396592
2015-08-05,85.349998,85.349998,82.449997,82.824997,80.91745,433536
2015-08-06,82.849998,83.199997,81.175003,81.949997,80.062599,442616
2015-08-07,81.949997,83.474998,81.824997,83.324997,81.40593,1168744
2015-08-10,83.175003,86.199997,82.925003,83.400002,81.47921,888660
2015-08-11,83.949997,84.275002,82.824997,83.5,81.576904,577088
2015-08-12,82.5,83.349998,79.099998,79.550003,77.71788,670730
2015-08-13,80,80.724998,77,78.050003,76.252426,1349486
2015-08-14,78.199997,79.400002,76.199997,77.074997,75.299881,1387038
2015-08-17,77.449997,77.675003,75.550003,77.025002,75.25103,559502
2015-08-18,76.949997,77.525002,76.5,77.175003,75.397575,621690
2015-08-19,77,77.5,75.199997,75.800003,74.054245,921628
2015-08-20,73.5,74,60.650002,63.424999,61.964252,3473894
2015-08-21,62.5,67.425003,61.549999,62.5,61.060555,3258178
2015-08-24,60,62,50,50,48.84845,3495462
2015-08-25,51.450001,52.099998,45,45,43.963604,2283050
2015-08-26,44.650002,49.5,43.474998,49.200001,48.066868,4306242
2015-08-27,51.950001,54.099998,51.599998,53.900002,52.658627,2151818
2015-08-28,56,59.275002,56,59.224998,57.860981,1498898
2015-08-31,59.174999,60,58.849998,59.299999,57.934254,889470
2015-09-01,58.75,59.799999,54.5,55.150002,53.879833,1179742
2015-09-02,55.825001,57.674999,51.575001,53.924999,52.683048,1860216
2015-09-03,54.450001,54.950001,52.674999,53.099998,51.877048,2407664
2015-09-04,53,55.349998,49.125,53.450001,52.218987,1951940
2015-09-07,53.724998,54.900002,53.525002,53.724998,52.487656,1436312
2015-09-08,54.049999,54.450001,53.25,53.75,52.512077,671508
2015-09-09,54.700001,56.200001,54.625,55.299999,54.026379,707690
2015-09-10,54.5,54.849998,54.25,54.474998,53.220375,802472
2015-09-11,54.75,55.474998,54.75,55.049999,53.782135,574214
2015-09-14,55.200001,55.849998,54.900002,55.375,54.099655,1141806
2015-09-15,55.450001,55.5,54.099998,54.549999,53.293652,852788
2015-09-16,55,58.849998,55,58.049999,56.713047,1482184
2015-09-18,58.5,61.25,57.875,60.799999,59.399708,788896
2015-09-21,62.325001,63,62.325001,62.875,61.426922,767658
2015-09-22,63.150002,64.599998,62.875,63.674999,62.208496,474230
2015-09-23,63.700001,64.324997,63.5,63.825001,62.600822,1731196
2015-09-24,63.875,64.400002,63.25,63.799999,62.576302,1760754
2015-09-28,64.5,65.300003,63.5,63.674999,62.453697,819526
2015-09-29,63.950001,64.5,63.75,63.924999,62.698902,640994
2015-09-30,64.300003,64.375,63.825001,63.900002,62.674385,599390
2015-10-01,64.400002,69,64.400002,66.675003,65.396156,1109120
2015-10-05,67.900002,67.900002,66.849998,67.050003,65.763969,410392
2015-10-06,67.425003,68,66.800003,67.275002,65.98465,780310
2015-10-07,67.449997,67.949997,67,67.125,65.837524,315730
2015-10-08,67.5,67.650002,66.824997,66.974998,65.690399,676998
2015-10-09,67.449997,68,66.800003,66.925003,65.641365,570876
2015-10-12,67.375,67.5,66.550003,66.775002,65.49424,536282
2015-10-13,67.025002,67.025002,65.025002,65.449997,64.194656,359522
2015-10-14,65.599998,67.699997,64.724998,65.849998,64.586983,4659666
2015-10-15,66.099998,66.75,65.75,65.974998,64.709579,1290576
2015-10-16,66.349998,66.349998,65.75,65.974998,64.709579,336558
2015-10-19,66.300003,66.849998,65.925003,66.050003,64.78315,765262
2015-10-20,66.199997,66.25,65.75,66,64.734108,526776
2015-10-21,66.125,66.25,65.775002,66,64.734108,764940
2015-10-23,66.025002,66.400002,65.849998,65.949997,64.685066,236198
2015-10-26,66.050003,66.449997,65.800003,65.949997,64.685066,2178988
2015-10-27,66.125,67.224998,65.75,65.974998,64.709579,1945186
2015-10-28,66.050003,66.074997,64.800003,65.349998,64.096573,492172
2015-10-29,65.925003,66.074997,65.324997,65.949997,64.685066,2163234
2015-10-30,65.849998,66,65,65.300003,64.047539,600918
2015-11-02,65.5,65.75,52.25,63.025002,61.816166,2892518
2015-11-03,63.575001,64.449997,59,62.950001,61.742607,2340234
2015-11-04,63.400002,63.549999,59.799999,60.849998,59.68288,1342390
2015-11-05,61.275002,61.875,58.575001,60.200001,59.045349,577804
2015-11-06,60,60.549999,57.625,58.549999,57.426998,1251886
2015-11-09,58.75,59.200001,57.775002,58.650002,57.525082,2163958
2015-11-10,58.75,59.125,57.049999,58.299999,57.181793,741104
2015-11-13,62,63.450001,61.375,61.674999,60.492058,1644000
2015-11-16,64,73.400002,64,71.775002,70.398338,2610248
2015-11-17,75,77.525002,73.150002,74.550003,73.12011,1660954
2015-11-18,75.050003,78.425003,75,76.425003,74.959152,2952390
2015-11-19,76.949997,77.025002,72.050003,75.224998,73.782166,1909438
2015-11-20,73.75,76.824997,72.050003,75.875,74.419701,3838508
2015-11-23,81,87.199997,81,82.724998,81.138313,5356124
2015-11-24,82.5,86.5,82.5,84.875,83.247078,2312446
2015-11-26,85.650002,85.699997,84.5,85.074997,83.443237,1239340
2015-11-27,85.150002,85.349998,83.349998,84.025002,82.413383,1089070
2015-11-30,84,84.625,83.324997,84.074997,82.462418,760762
2015-12-01,84.25,86.75,83.400002,84.25,82.634064,1501400
2015-12-02,84.5,84.650002,82.625,83.5,81.898445,745704
2015-12-03,83.5,85.949997,82.625,83.349998,81.75132,411186
2015-12-04,83.5,83.5,81.900002,82.599998,81.015709,1066852
2015-12-07,82.650002,82.849998,81.875,82.375,80.795029,1163994
2015-12-08,82.400002,82.550003,81.224998,81.75,80.182014,496986
2015-12-09,81.974998,82.025002,80.525002,81.400002,79.83873,1217962
2015-12-10,81.699997,82.474998,80.800003,81.699997,80.132973,446068
2015-12-11,82,82.199997,79.525002,80.349998,78.808868,820168
2015-12-14,82.474998,84.199997,82,82.400002,80.81955,1336886
2015-12-15,84.5,84.875,81.925003,82.449997,80.868584,1209330
2015-12-16,84.5,85.349998,83.650002,85.025002,83.394203,2331818
2015-12-17,87.5,94.449997,87,93.150002,91.363358,2014074
2015-12-18,95,95.800003,83.5,90.675003,88.935837,3483372
2015-12-21,90.050003,91.900002,88.099998,88.650002,86.949677,1236018
2015-12-22,88.5,89.949997,87.75,88.349998,86.655426,1480240
2015-12-23,88.449997,89.050003,87.275002,88.025002,86.336655,672618
2015-12-24,88,88.550003,87.300003,88.324997,86.630898,782052
2015-12-28,88.25,88.724998,87.75,88.025002,86.336655,1759228
2015-12-29,88.324997,88.800003,87.650002,88.025002,86.336655,626152
2015-12-30,88.5,88.599998,86.074997,87.5,85.821732,552274
2015-12-31,87.625,88.699997,86.525002,87.25,85.576523,825510
2016-01-01,87.5,88,86.824997,87.425003,85.748169,340276
2016-01-04,87.625,92.25,87.625,89.025002,87.317474,2049398
2016-01-05,89.150002,90.449997,87.75,88.900002,87.194878,1788464
2016-01-06,90,90.400002,87.5,88.074997,86.385696,1039036
2016-01-07,88.800003,89.199997,85.599998,88.099998,86.410217,2449550
2016-01-08,88.5,89.050003,88.125,88.849998,87.145836,1009052
2016-01-11,91,92.425003,90,90.400002,88.666107,1031084
2016-01-12,90.5,91.224998,88.550003,89.25,87.538162,565284
2016-01-13,89.949997,90.5,85.324997,89.949997,88.224731,2322522
2016-01-14,89.849998,89.849998,84,85.949997,84.30146,1991722
2016-01-15,86,86.949997,80,82.75,81.162834,1435910
2016-01-18,82.775002,83.275002,80.550003,81.175003,79.61805,1835080
2016-01-19,82.5,86,82.349998,85.525002,83.884613,1526198
2016-01-20,85.5,86.25,81.900002,82.875,81.285439,1221142
2016-01-21,82.974998,83.25,77.900002,81.125,79.569008,2449358
2016-01-22,83,84.724998,82.75,84.175003,82.560509,1474036
2016-01-25,84,85.275002,83.75,85.050003,83.418724,1567036
2016-01-27,85.349998,90.5,85.099998,90.25,88.518982,1326638
2016-01-28,89.474998,92.375,88.875,91.074997,89.328156,1111360
2016-01-29,91,91.849998,90.474998,91.375,89.622406,1394494
2016-02-01,92.5,96.324997,91.824997,95.75,93.913498,1870762
2016-02-02,96.849998,100,96.25,98.5,96.610748,2169434
2016-02-03,99.050003,102.449997,99,101.275002,99.332527,1447306
2016-02-04,102,104.125,101.574997,103.699997,101.710999,1387488
2016-02-05,105.099998,106,103.300003,103.974998,101.980736,1541680
2016-02-08,104.849998,105,100.900002,102.074997,100.117172,2051350
2016-02-09,102,103.150002,101.050003,102.699997,100.730186,1337750
2016-02-10,102.5,103.900002,101.074997,101.800003,99.84745,919762
2016-02-11,101.449997,101.5,81.449997,91.025002,89.279121,1990000
2016-02-12,88.949997,97,82.900002,94.625,92.810066,2029786
2016-02-15,95.949997,102.599998,95.25,101.525002,99.577728,1895764
2016-02-16,100.800003,103.849998,96.800003,99.125,97.223755,1347632
2016-02-17,99,100.5,92.800003,98.900002,97.003075,1480378
2016-02-18,100.375,102.25,99.699997,101.824997,99.871971,1559206
2016-02-19,103.349998,103.425003,101.175003,102.099998,100.141693,583600
2016-02-22,102.449997,104,101.050003,102.300003,100.33786,1356794
2016-02-23,102.824997,103.199997,98.324997,100.074997,98.15554,1139422
2016-02-24,100.050003,104.900002,99.699997,104.275002,102.274979,892396
2016-02-25,104.974998,107.400002,103.699997,106.599998,104.555389,1278156
2016-02-26,106.75,107.125,104.925003,106.449997,104.408264,1273452
2016-02-29,106.75,108,105.974998,106.75,104.702507,524634
2016-03-01,106.5,107.400002,105.550003,106.650002,104.604431,1186318
2016-03-02,107.5,113,107.224998,110.625,108.503189,1195776
2016-03-03,110.974998,113.449997,110.849998,112.074997,109.925369,1112888
2016-03-04,111.599998,112.75,110.625,112.375,110.21962,1631236
2016-03-08,112.025002,113.099998,111.75,112.625,110.464828,356210
2016-03-09,112.5,114.449997,111.5,113.599998,111.42112,582026
2016-03-10,113.5,114.25,112.800003,113.125,110.955238,678138
2016-03-11,112.75,112.849998,112.050003,112.25,110.097015,769440
2016-03-14,112.5,113.199997,111.050003,111.324997,109.189758,1049252
2016-03-15,111.949997,112.199997,104.050003,109.75,107.644966,1327116
2016-03-16,109.949997,110.949997,109.050003,110.625,108.503189,1053492
2016-03-17,110.5,111.224998,109.699997,110.724998,108.601265,1114366
2016-03-18,110.75,110.75,106.625,107.349998,105.291,943496
2016-03-21,107.349998,107.5,101.550003,102.650002,100.681145,1516668
2016-03-22,102.5,102.5,95.5,96.300003,94.45295,1532370
2016-03-23,96.75,98.224998,94.900002,96.849998,94.992393,1727166
2016-03-28,96.900002,97.949997,94.175003,95.449997,93.619247,664268
2016-03-29,95.074997,97,94.849998,96.275002,94.428421,6238938
2016-03-30,96.949997,98.25,96.949997,97.474998,95.6054,403950
2016-03-31,97.5,99.849998,97.25,98.925003,97.027596,2380098
2016-04-01,99,101,99,99.550003,97.64061,1000208
2016-04-04,99.800003,100.224998,98.5,99.5,97.591568,970676
2016-04-05,99.5,100.400002,96.050003,98.074997,96.193893,553354
2016-04-06,97.974998,98.5,97.5,97.974998,96.09581,549372
2016-04-07,97.974998,100.5,97.050003,99.650002,97.738693,473960
2016-04-08,99.675003,103.574997,99.675003,102.474998,100.509506,335454
2016-04-11,102.474998,104,102.150002,103.025002,101.048958,656762
2016-04-12,103,103.775002,101.650002,103.150002,101.171555,464354
2016-04-13,103.449997,104.349998,102.150002,103.300003,101.31868,736970
2016-04-18,103.025002,103.349998,101.5,102.300003,100.33786,362754
2016-04-20,102.474998,102.900002,101.5,102.300003,100.33786,912772
2016-04-21,102.5,102.775002,99.349998,100.474998,98.547867,1460834
2016-04-22,100.699997,102,98.875,99.224998,97.321838,695038
2016-04-25,99.449997,100.400002,98.675003,99.199997,97.297318,1067336
2016-04-26,99,99,97.800003,98,96.120338,697812
2016-04-27,98.449997,99.449997,97.949997,98.425003,96.537186,782180
2016-04-28,98.75,99.324997,95,98.099998,96.218414,713828
2016-04-29,98.974998,99.650002,97.775002,98.125,96.242935,1878966
2016-05-02,98.224998,99.5,96.849998,98.925003,97.027596,1283626
2016-05-03,98.949997,99.5,97.925003,98.275002,96.39006,1346066
2016-05-04,98,98.5,96.900002,97.199997,95.335678,924032
2016-05-05,97.949997,97.949997,96,96.800003,94.943359,1030682
2016-05-06,96.650002,97,95.5,96.474998,94.62458,1774502
2016-05-09,96,96.550003,95.300003,95.550003,93.717331,1278956
2016-05-10,95.724998,96.275002,94.75,95.125,93.300476,1366098
2016-05-11,95.900002,96.199997,91.900002,92.425003,90.652267,2009568
2016-05-12,92.525002,94.5,92,93.425003,91.633087,1591626
2016-05-13,93.449997,94.074997,89.275002,90.650002,88.911308,1886826
2016-05-16,91,92.625,89.300003,90.875,89.131996,706080
2016-05-17,91.199997,91.25,81.449997,87.5,85.821732,1874360
2016-05-18,88.949997,89.775002,86.949997,87.349998,85.674606,3108366
2016-05-19,87.449997,87.599998,85.925003,86.25,84.595703,1243480
2016-05-20,86.775002,88.199997,85.25,86.650002,84.988037,2315170
2016-05-23,87.949997,94.949997,87.849998,89.574997,87.856934,1654446
2016-05-24,89.625,90,88.650002,89.125,87.415558,3339234
2016-05-25,89.75,89.75,86.949997,87.474998,85.797203,2799892
2016-05-26,87.900002,91,87.5,88.800003,87.096794,2438808
2016-05-27,89.199997,89.5,88.5,88.974998,87.268433,1985076
2016-05-30,90,93,89.5,90.300003,88.568024,2135846
2016-05-31,90.5,91.625,89.375,89.574997,87.856934,2996564
2016-06-01,90.699997,92.849998,89.224998,91.75,89.990211,2461634
2016-06-02,91.050003,96.349998,86,92.300003,90.529663,9821246
2016-06-03,91.724998,91.724998,85.25,85.900002,84.252419,5194672
2016-06-06,86.5,87.300003,83.849998,85.75,84.105293,6285674
2016-06-07,85.949997,86.75,84.800003,86.150002,84.497627,4344536
2016-06-08,85.199997,85.5,84.074997,84.275002,82.658585,2970638
2016-06-09,84.25,84.5,80.050003,81.425003,79.863251,2622036
2016-06-10,81.375,83.849998,81.25,83.400002,81.800369,2596322
2016-06-13,82.400002,85.75,81.75,84.449997,82.830223,4002076
2016-06-14,84.5,85.25,81.25,84.375,82.756668,9798086
2016-06-15,85,86.425003,84,84.699997,83.075432,1448328
2016-06-16,84.449997,85.550003,84.199997,85.150002,83.516808,1267064
2016-06-17,85.150002,86.974998,84.599998,85.875,84.227898,1607154
2016-06-20,85.900002,88.449997,85.550003,87.574997,85.895287,3497926
2016-06-21,87.525002,89.949997,87.199997,89.474998,87.758842,2333074
2016-06-22,89.900002,94.550003,89.75,94.025002,92.221581,4135802
2016-06-23,94.625,97.5,93.75,95.474998,93.643761,2933092
2016-06-24,93,93.75,90.199997,93.425003,91.633087,1749582
2016-06-27,94.400002,95.5,93,93.625,91.829247,2086098
2016-06-28,93.949997,96.300003,91.574997,95.525002,93.69281,2940130
2016-06-29,95.5,95.5,93.849998,94.449997,92.63842,2211630
2016-06-30,94.900002,96.349998,94,94.199997,92.393211,1969086
2016-07-01,94.199997,96,94,94.5,92.687462,2844282
2016-07-04,94.400002,99.650002,94,96.650002,94.796234,5195922
2016-07-05,96.449997,101,96.375,98.675003,96.782387,5569056
2016-07-07,98.925003,103.449997,98.900002,102.650002,100.681145,5317098
2016-07-08,102.449997,104.125,102,103.074997,101.097992,5605076
2016-07-11,103.675003,104.75,102.025002,102.849998,100.877304,2973374
2016-07-12,102.974998,105.525002,102.074997,103.425003,101.441284,4672580
2016-07-13,103.25,104,101.775002,102.400002,100.435944,3795752
2016-07-14,102.449997,102.75,101.449997,102.599998,100.632103,3724702
2016-07-15,102.699997,102.75,97.5,99.324997,97.419914,3310988
2016-07-18,98.650002,100.5,97.75,98.425003,96.537186,4657160
2016-07-19,98.425003,99.25,97.625,98.925003,97.027596,5139990
2016-07-20,98.75,99.849998,97.824997,98.324997,96.439095,6332422
2016-07-21,98,98.574997,96,97.224998,95.360199,3600878
2016-07-22,96.949997,97.949997,95.75,96.800003,94.943359,3842776
2016-07-25,95.775002,96.699997,94.150002,96.025002,94.18322,4059778
2016-07-26,95.800003,98.400002,95.25,96.224998,94.379379,4654338
2016-07-27,95.849998,97,94.300003,95.074997,93.251434,3919708
2016-07-28,95,95.5,92,93.050003,91.265282,4245418
2016-07-29,92.900002,95.25,92.625,93.800003,92.000893,4687614
2016-08-01,93.5,94.949997,93.099998,93.650002,91.853767,5224976
2016-08-02,93.875,94,92.349998,93.150002,91.363358,5221324
2016-08-03,93,94,92.5,93.275002,91.485962,5685024
2016-08-04,93,94.625,91.375,92.599998,90.823906,6212204
2016-08-05,92.5,92.75,90,91.675003,89.916656,4626916
2016-08-08,92.900002,93.25,91.775002,93.099998,91.314316,5812050
2016-08-09,93,94.025002,92.125,93.074997,91.289795,5565164
2016-08-10,92.775002,93.550003,92.275002,92.574997,90.799385,3739794
2016-08-11,92.75,93,91.800003,92.150002,90.382538,6720560
2016-08-12,92.074997,92.625,90.800003,91.5,89.745003,5203316
2016-08-16,91.050003,91.050003,81.900002,89.375,87.660759,8281530
2016-08-17,89.474998,90.949997,87.324997,88.900002,87.194878,2197504
2016-08-18,89.224998,95,88,94.175003,92.368706,7242710
2016-08-19,94.050003,96.150002,93.5,95.050003,93.226921,2717646
2016-08-22,95.824997,97.949997,94.974998,97.474998,95.6054,4673808
2016-08-23,97.75,98.5,96.900002,97.449997,95.580887,2103462
2016-08-24,97.300003,98.300003,96.949997,97.75,95.87513,4358470
2016-08-25,98,99,97.25,98.625,96.733345,3790538
2016-08-26,99,99.224998,97.099998,97.474998,95.6054,4765256
2016-08-29,99.5,102.275002,97.849998,98.675003,96.782387,4040018
2016-08-30,98.724998,99.75,96.625,98.574997,96.684303,5134214
2016-08-31,97.900002,98.474998,97.25,97.949997,96.071297,2054984
2016-09-01,98,98.074997,95.900002,97.224998,95.360199,4522446
2016-09-02,97.449997,97.5,93.949997,95.025002,93.2024,1776760
2016-09-06,97.5,101.5,97.400002,101,99.062798,4578902
2016-09-07,101.699997,102.25,99.75,100.625,98.694992,4654724
2016-09-08,98.599998,102.25,98.574997,101.800003,99.84745,4513952
2016-09-09,101,104.400002,99.75,103.900002,101.907173,4748806
2016-09-12,102,105,101,104.300003,102.2995,4410464
2016-09-14,103.5,110.5,103.5,109.875,107.76757,3528754
2016-09-15,110.5,113.449997,108,111.650002,109.508522,4702786
2016-09-16,112.25,114.449997,109.5,112,109.851814,4658924
2016-09-19,110,113.75,110,113.324997,111.151398,3299728
2016-09-20,113.5,115.474998,113.349998,114.224998,112.034134,2361510
2016-09-21,114.474998,115.800003,114,114.425003,112.230301,2002034
2016-09-22,115,115.824997,113.550003,114.449997,113.494652,1046262
2016-09-23,115.474998,115.474998,113.25,114.824997,113.866524,974070
2016-09-26,114.474998,116,113.650002,115.449997,114.486305,2282610
2016-09-27,116,118.925003,116,117.224998,116.24649,983820
2016-09-28,117.5,118.675003,115.775002,117.699997,116.717522,1068984
2016-09-29,118,120,116.5,118.800003,117.80835,2425054
2016-09-30,119.949997,119.974998,116.699997,119.775002,118.775208,1155210
2016-10-03,120,120.5,117.75,119.099998,118.105835,1970158
2016-10-04,118.425003,119.5,116.574997,116.974998,115.998573,2101144
2016-10-05,117.949997,119.900002,116.349998,119.675003,118.676041,4523624
2016-10-06,119.775002,120.5,118.050003,119.599998,118.601662,2146802
2016-10-07,119.050003,119.75,117.5,117.800003,116.816696,1815894
2016-10-10,117.949997,119.5,117.800003,118.925003,117.932304,2163844
2016-10-13,118.5,119.75,117.125,118.824997,117.83313,2454452
2016-10-14,118.5,119.449997,117.5,117.849998,116.866272,1735410
2016-10-17,118.050003,118.574997,117,117.775002,116.791901,2204122
2016-10-18,118.449997,119.800003,117.875,118.724998,117.733971,3310948
2016-10-19,118.724998,119.900002,117.25,118.199997,117.213348,2481316
2016-10-20,118.449997,120.900002,116.574997,118.300003,117.312523,2186176
2016-10-21,118.025002,119.5,117.5,118.349998,117.362099,1878844
2016-10-24,118.75,119.425003,117.025002,118.375,117.386894,2069962
2016-10-25,118.125,119.574997,117.224998,118.650002,117.659599,2059214
2016-10-26,118.5,121.5,118.25,120.125,119.122284,2144718
2016-10-27,119.875,122.25,119.650002,121.974998,120.956841,2056814
2016-10-28,123.449997,126,122.599998,125.449997,124.402832,1299436
2016-11-01,126.25,127.875,126.25,127.125,126.06385,2175522
2016-11-02,127,127,122.775002,123.599998,122.568275,2481490
2016-11-03,123.949997,126.400002,122.625,125.224998,124.17971,2623886
2016-11-04,125.599998,126.800003,123.75,124.474998,123.435974,1687990
2016-11-07,125.449997,130,124.900002,127.5,126.435722,3642916
2016-11-08,127.5,130.725006,126.5,130.300003,129.212357,3346366
2016-11-09,126,130.675003,120.150002,129.274994,128.195908,4024270
2016-11-10,131,132.449997,126.099998,130.824997,129.732971,3414418
2016-11-11,130.524994,132.25,129.850006,130.699997,129.609009,1552216
2016-11-15,131.5,131.5,126.5,127.474998,126.410927,1705982
2016-11-16,126.974998,127.949997,122.849998,126.050003,124.997826,1238598
2016-11-17,126,127,123.449997,125.25,124.204506,522326
2016-11-18,125,140,124.5,132.100006,130.99733,1123302
2016-11-21,131.975006,133.25,129.5,130.875,129.782547,1195222
2016-11-22,131.725006,135.949997,129.925003,135.350006,134.2202,2277122
2016-11-23,135.350006,137.774994,134.199997,136.625,135.484558,1447688
2016-11-24,135.625,138.399994,133.699997,134.75,133.625198,1617174
2016-11-25,135.225006,137.100006,134,134.975006,133.848328,1892986
2016-11-28,135.5,137.5,131.5,133.75,132.633545,1474854
2016-11-29,134.649994,136.5,133.75,135.75,134.616852,2231930
2016-11-30,136,138.975006,134.5,137.699997,136.550583,1636300
2016-12-01,138.350006,138.850006,136.5,137.800003,136.64975,2118672
2016-12-02,137.399994,139.675003,137.399994,138.699997,137.542236,728990
2016-12-05,138.800003,141.649994,135,140.75,139.575119,1300778
2016-12-06,140.850006,142.5,140,141.024994,139.847824,339188
2016-12-07,141.125,142.5,141,141.425003,140.244492,415656
2016-12-08,142,142.399994,141.550003,141.850006,140.665939,163772
2016-12-09,142,143,140.600006,142.050003,140.864273,713230
2016-12-12,142.5,142.550003,140.050003,142.100006,140.913864,541840
2016-12-13,142.324997,143.649994,130,134.324997,133.203751,4041150
2016-12-14,134.5,137.5,133.375,135.625,134.492905,1956956
2016-12-15,135,137.5,132.050003,136.725006,135.583725,1618258
2016-12-16,137,137.399994,134.449997,135.475006,134.344162,1790924
2016-12-19,134.625,137.949997,133.975006,137.25,136.10434,2188784
2016-12-20,136.949997,137.399994,133.149994,134.149994,133.030212,1140548
2016-12-21,134.225006,138,133.75,137.274994,136.12912,1807674
2016-12-22,137.324997,137.725006,136,137.100006,135.955597,723922
2016-12-23,137.350006,137.5,136.050003,137.074997,135.930801,1065004
2016-12-26,136.875,136.949997,133.625,134.475006,133.352509,205140
2016-12-27,134.199997,135.350006,131.5,133.050003,131.939392,213022
2016-12-28,134,136.449997,134,135.324997,134.195404,744126
2016-12-29,135.5,136.850006,134.5,136.225006,135.087906,361438
2016-12-30,136.5,138.25,135.75,136.600006,135.459763,638358
2017-01-02,137,137.600006,136.625,137.050003,135.906006,200418
2017-01-03,137,138.949997,136.600006,137.850006,136.699341,561098
2017-01-04,138,138.625,137.25,137.925003,136.773712,648758
2017-01-05,138,138.475006,135.5,137.524994,136.377029,781856
2017-01-06,137.975006,138.300003,134.75,135.25,134.121033,526776
2017-01-09,135.449997,136.75,135,135.274994,134.145813,83692
2017-01-10,135.399994,137.5,135.399994,136.574997,135.434967,264274
2017-01-11,136.625,137,134.949997,135.149994,134.021866,1189598
2017-01-12,135.475006,142.449997,135.399994,141.625,140.44281,1163882
2017-01-13,142,147.350006,141.274994,145.5,144.285477,686660
2017-01-16,145.475006,149,145,146.399994,145.177948,559030
2017-01-17,147,147.899994,145.600006,145.949997,144.73172,495752
2017-01-18,146.024994,147.449997,145.125,146.425003,145.202759,409570
2017-01-19,147.949997,151.625,145.875,149.824997,148.574371,679566
2017-01-20,149.949997,152.399994,149.125,151.699997,150.433716,410424
2017-01-23,152,153.524994,151,152.5,151.227036,1532100
2017-01-24,155,155,148.5,149.425003,148.177719,346744
2017-01-25,149.975006,151.774994,149.5,151.050003,149.789154,272750
2017-01-27,151,153,151,152.800003,151.524536,242160
2017-01-30,152.5,154.5,151.550003,153.649994,152.367432,131306
2017-01-31,154,154.25,151.75,152.475006,151.202255,511994
2017-02-01,152.649994,155.300003,152.524994,153.375,152.094742,219170
2017-02-02,153.949997,156.699997,153.899994,155.800003,154.499496,279200
2017-02-03,156,157,153,154.800003,153.507843,191390
2017-02-06,155.050003,157.5,150.574997,152.350006,151.078293,528290
2017-02-07,152,154.5,151.175003,151.675003,150.408936,337666
2017-02-08,152,152.5,150.5,151.199997,149.937897,395584
2017-02-09,151,152.350006,149.100006,151.800003,150.532883,122460
2017-02-10,151.899994,152.925003,149.899994,152.175003,150.904755,127590
2017-02-13,152,153.524994,151.300003,152.074997,150.805588,132744
2017-02-14,154.699997,154.699997,152,152.375,151.103088,206688
2017-02-15,152.899994,155.050003,152.899994,154.199997,152.912842,143618
2017-02-16,154,155.800003,154,155.25,153.954086,1596948
2017-02-17,155.350006,156.649994,154.350006,155.774994,154.474701,114436
2017-02-20,155.350006,156.5,155.300003,156.399994,155.094482,38014
2017-02-21,156.75,157.5,155.5,155.925003,154.623459,66768
2017-02-22,155.774994,157.350006,155.774994,157,155.689484,154526
2017-02-23,157,157.800003,156.225006,157.149994,155.838226,50592
2017-02-27,157,157.75,156.925003,157.475006,156.160522,124992
2017-02-28,157.75,159.350006,157.550003,158.324997,157.003418,148658
2017-03-01,158.399994,158.949997,157.050003,157.800003,156.482803,114726
2017-03-02,157.5,157.5,154.975006,155.375,154.078049,143578
2017-03-03,155,156.600006,154.225006,155,153.706177,96810
2017-03-06,155.149994,155.600006,154,154.949997,153.656586,179902
2017-03-07,154.5,155.975006,154,154.850006,153.557434,210482
2017-03-08,154.524994,155.699997,154.5,155.199997,153.904495,37146
2017-03-09,155.5,155.925003,154.300003,154.449997,153.160767,100380
2017-03-10,154.5,156.949997,153.75,154.449997,153.160767,98784
2017-03-14,155.5,158.149994,155,155.425003,154.127625,343078
2017-03-15,155,156.899994,154.5,156.350006,155.044907,156166
2017-03-16,156.25,158.949997,156.25,158.324997,157.003418,146234
2017-03-17,158.5,160.225006,158.300003,159.425003,158.094238,156998
2017-03-20,159.5,160.125,158.574997,159.600006,158.267776,95424
2017-03-21,159.300003,159.625,154.5,158.399994,157.077789,264138
2017-03-22,158.425003,160.675003,158,159.625,158.292572,212998
2017-03-23,159,162,158.975006,161.699997,160.35025,292672
2017-03-24,162,164.925003,161.475006,164.199997,162.829376,250142
2017-03-27,164.199997,167.5,164.199997,165.899994,164.515182,270498
2017-03-28,166.125,168.949997,166.125,168.149994,166.746399,278030
2017-03-29,167.5,167.975006,164.125,165.25,163.870621,219132
2017-03-30,164.850006,166.5,164.800003,165.399994,164.019348,70422
2017-03-31,165.5,166.600006,164.25,164.574997,163.201248,17656
2017-04-03,164.574997,166.524994,164.074997,164.699997,163.325195,54636
2017-04-05,165.5,165.899994,164.274994,164.699997,163.325195,76998
2017-04-06,165,165.324997,163.774994,164.824997,163.449158,168596
2017-04-07,165.024994,165.024994,163.800003,164.475006,163.102081,41980
2017-04-10,164.5,169.225006,163.5,168.350006,166.944748,162528
2017-04-11,167.550003,168.800003,165.899994,167.399994,166.002655,74688
2017-04-12,166.899994,167.774994,164.149994,165.399994,164.019348,98360
2017-04-13,164.600006,168.875,163.699997,167.024994,165.630783,165152
2017-04-17,166.550003,168.75,164.899994,168.074997,166.672028,54710
2017-04-18,172.050003,177.225006,170.125,173.024994,171.580704,910436
2017-04-19,173.5,176.449997,172,174.125,172.671524,110980
2017-04-20,174.125,175.600006,173.024994,174.675003,173.216949,201212
2017-04-21,175.149994,175.175003,172.675003,172.899994,171.456757,44270
2017-04-24,172.5,174.5,172.5,173.75,172.299667,190234
2017-04-25,173.375,174.149994,172.5,173.375,171.927795,142676
2017-04-26,173.574997,174.100006,170.75,171.975006,170.53949,74870
2017-04-27,173.5,173.699997,171.074997,171.925003,170.489899,32000
2017-04-28,172,172.5,170.125,170.425003,169.002426,145384
2017-05-02,171.5,173,169.25,170.600006,169.175964,181410
2017-05-03,171.425003,171.850006,170,171.149994,169.721359,63966
2017-05-04,171.600006,174.25,170.100006,173.100006,171.65509,84714
2017-05-05,173.5,175.449997,172.274994,174.5,173.043396,85744
2017-05-08,174.175003,176.675003,173.524994,175.100006,173.638397,225734
2017-05-09,176,176.5,175.050003,175.649994,174.183792,192384
2017-05-10,175.324997,176.399994,174.324997,175.850006,174.382141,52038
2017-05-11,176.5,176.600006,174,175.274994,173.81192,371786
2017-05-12,178.850006,178.850006,173.5,174,172.547577,123960
2017-05-15,174.649994,176.024994,173.75,174.675003,173.216949,185962
2017-05-16,174.824997,175.100006,173.550003,173.925003,172.473206,37572
2017-05-17,174.324997,175.5,174,174.425003,172.969025,34028
2017-05-18,174.125,174.899994,172,173.524994,172.076538,4118438
2017-05-19,173.75,175.25,173.625,174.699997,173.24173,148012
2017-05-22,177,180.399994,175.699997,177.300003,175.820038,161672
2017-05-23,176.75,178.899994,175.800003,177.024994,175.547318,64400
2017-05-24,176.75,178.300003,175.149994,175.475006,174.010269,62138
2017-05-25,175,177.600006,175,176.475006,175.001923,43590
2017-05-26,174,177.25,174,175.975006,174.506088,64352
2017-05-29,175.725006,177,175.300003,175.649994,174.183792,19450
2017-05-30,175.524994,179.149994,174.800003,178.149994,176.662933,199232
2017-05-31,178.5,182.5,170.149994,182.050003,180.53038,873360
2017-06-01,181.25,195,181.25,194.425003,192.802078,812178
2017-06-02,195.5,197.300003,193,195.074997,193.446655,871030
2017-06-05,195.074997,206.199997,193.975006,202.600006,200.908844,374494
2017-06-06,204.875,207,199.125,201.125,199.446152,479838
2017-06-07,201.100006,205.25,201.100006,204.449997,202.743393,147634
2017-06-08,204.300003,208.824997,203.949997,207.274994,205.544815,331016
2017-06-09,207,210,207,207.675003,205.941483,148200
2017-06-12,207,211.5,207,210.625,208.866852,180518
2017-06-13,210,213.074997,210,212.475006,210.701416,138698
2017-06-14,212,218.5,212,217.800003,215.981964,210606
2017-06-15,218.5,227.25,218.5,225.350006,223.468948,525758
2017-06-16,226,228.375,220.899994,223.199997,221.336884,357378
2017-06-19,223.975006,223.975006,210.100006,214.024994,212.238464,545148
2017-06-20,211.850006,218.850006,211,212.350006,210.577469,273042
2017-06-21,213.024994,218.574997,211.975006,216.649994,214.841553,205710
2017-06-22,216.699997,220.5,212.524994,216.25,214.444901,100772
2017-06-23,216.5,216.949997,210.225006,212.050003,210.279968,67684
2017-06-27,212,215.5,203,205.449997,203.735046,279588
2017-06-28,205.425003,209.625,203.425003,205.350006,203.635895,250624
2017-06-29,211.199997,211.199997,206.899994,208.925003,207.181046,352664
2017-06-30,209.5,215.25,209.5,215.074997,213.279709,210216
2017-07-03,217.475006,220,216.125,219.600006,217.766953,178012
2017-07-04,220.5,223.375,220,220.475006,218.634644,119836
2017-07-05,220.875,221.850006,217.550003,218.824997,216.998398,130144
2017-07-06,221.5,221.5,219.550003,220.175003,218.337143,62302
2017-07-07,220,221,219.725006,220.375,218.535477,63010
2017-07-10,220,222.875,219.074997,222.350006,220.493988,171248
2017-07-11,221,225.5,221,224.625,222.75,58156
2017-07-12,225.050003,227.350006,222.399994,226.899994,225.005997,124026
2017-07-13,227.5,228.800003,221.899994,223.149994,221.287292,149402
2017-07-14,222.675003,223.5,221.5,221.925003,220.07254,27896
2017-07-17,221.824997,224.5,220.524994,221.975006,220.122116,57774
2017-07-18,223,226.100006,221.5,222.5,220.642731,67012
2017-07-19,223.5,224.199997,220.550003,221.550003,219.700668,56194
2017-07-20,221.824997,226.149994,221.25,224.699997,222.824371,68064
2017-07-21,225.5,226.5,218.5,219.300003,217.469452,119736
2017-07-24,218.300003,221,218.225006,219.699997,217.866104,40226
2017-07-25,219.850006,220.149994,216.649994,218.425003,216.601746,42410
2017-07-26,219.050003,221.300003,217.875,219.175003,217.34549,64994
2017-07-27,218.899994,226.050003,218.899994,223.600006,221.733551,68944
2017-07-28,225,228.449997,223.5,226.774994,224.882034,139016
2017-07-31,229.375,229.375,219.550003,220.824997,218.981705,255462
2017-08-01,220.75,224.850006,219.5,222.975006,221.11377,91318
2017-08-02,224,227.024994,224,225.725006,223.84082,96382
2017-08-03,226.375,228.175003,225,225.475006,223.592911,74030
2017-08-04,224.5,226.350006,222.800003,224.375,222.502075,34644
2017-08-07,225,232.75,224.875,230.774994,228.848648,119086
2017-08-08,234.5,234.5,225.824997,226.824997,224.931625,223448
2017-08-09,226.5,226.550003,182.675003,220.475006,218.634644,180758
2017-08-10,222.25,227,222,223.850006,221.981476,401160
2017-08-11,223.050003,224.225006,220.5,221.149994,219.304001,259306
2017-08-14,222,225.850006,220.824997,223.800003,221.931885,267960
2017-08-16,224,229.324997,222.5,228.199997,226.295151,401238
2017-08-17,228.5,228.5,224,224.5,222.626038,573864
2017-08-18,224,225.899994,222.274994,223.949997,222.080627,169946
2017-08-21,226,227,223,224.475006,222.601257,136294
2017-08-22,225.149994,225.600006,221.050003,222.75,220.89064,87788
2017-08-23,223.225006,231.949997,223.175003,229.800003,227.881805,328912
2017-08-24,230.649994,237.975006,230.625,235.100006,233.137558,324176
2017-08-28,234.550003,240.475006,234.550003,237.550003,235.567108,98086
2017-08-29,236.925003,239.725006,235.449997,238.399994,236.410004,147442
2017-08-30,239.5,252.975006,239.5,251.175003,249.078369,309126
2017-08-31,252.5,257.5,252.5,255.600006,253.466446,229216
2017-09-01,257,260,252.75,253.824997,251.706253,136020
2017-09-04,253.5,255.25,247.5,248.050003,245.979462,339628
2017-09-05,247.949997,249,244.050003,246.600006,244.541565,162190
2017-09-06,245.5,247.550003,244,244.975006,242.93013,114010
2017-09-07,245,246.5,241.5,243.25,241.219528,100392
2017-09-08,245.399994,250.649994,236.925003,237.949997,235.96376,435782
2017-09-11,237.449997,237.899994,228.75,229.699997,227.782623,367876
2017-09-12,231.399994,234.899994,229,229.800003,227.881805,229222
2017-09-13,231.100006,242.274994,231.100006,239.600006,237.600006,244520
2017-09-14,241.800003,244.649994,241.25,242.975006,242.975006,133294
2017-09-15,243.5,251.5,243.5,249.649994,249.649994,316510
2017-09-18,252.5,255.5,249.399994,253.824997,253.824997,257202
2017-09-19,254.5,258.5,254.300003,256.825012,256.825012,3889466
2017-09-20,256.924988,258.125,253.300003,254.425003,254.425003,182282
2017-09-21,252,257.5,252,254.475006,254.475006,96322
2017-09-22,252,257.5,251.100006,255.675003,255.675003,131206
2017-09-25,258.700012,259.774994,241,250.300003,250.300003,491084
2017-09-26,248.375,250.949997,245.75,247.324997,247.324997,252554
2017-09-27,247.550003,249.25,239.800003,242.949997,242.949997,664308
2017-09-28,245,251.875,243.5,250.524994,250.524994,115160
2017-09-29,251.5,251.699997,245.5,247.800003,247.800003,266144
2017-10-03,247.5,252.725006,245.800003,247.25,247.25,57336
2017-10-04,246.550003,247.5,245.324997,245.75,245.75,35008
2017-10-05,245.324997,250.024994,243.600006,246.875,246.875,73634
2017-10-06,246.175003,248.899994,241.5,243,243,166772
2017-10-09,244.975006,249.324997,244.975006,246.524994,246.524994,87396
2017-10-10,247.725006,254,246.25,252.25,252.25,403690
2017-10-11,254.5,256.899994,250,251.600006,251.600006,67196
2017-10-12,250.5,254.300003,250.5,252.524994,252.524994,104456
2017-10-13,257.375,257.375,249.949997,252.800003,252.800003,194834
2017-10-16,253.899994,255.725006,247.5,250.574997,250.574997,144052
2017-10-17,250.449997,273.350006,247.449997,268.950012,268.950012,488312
2017-10-18,276.5,278.950012,269.399994,272.325012,272.325012,262606
2017-10-19,275,275,270,271.649994,271.649994,61606
2017-10-23,271.299988,276.5,269.125,275.875,275.875,138256
2017-10-24,277.950012,277.950012,271.549988,275.049988,275.049988,53710
2017-10-25,273.825012,277.350006,272.100006,274.424988,274.424988,150494
2017-10-26,274.075012,275.5,262.5,274.75,274.75,430626
2017-10-27,273.174988,274,266.649994,267.799988,267.799988,165806
2017-10-30,269,274.25,266.975006,268.024994,268.024994,91172
2017-10-31,269,282.049988,267.649994,280.424988,280.424988,423050
2017-11-01,280.899994,283.049988,273.524994,274.924988,274.924988,117310
2017-11-02,274.5,277,270,271.100006,271.100006,148778
2017-11-03,270.950012,271.674988,258,263.424988,263.424988,551024
2017-11-06,268.5,279.725006,267.5,275.125,275.125,382110
2017-11-07,279.475006,282.25,273.350006,279.299988,279.299988,265982
2017-11-08,280.100006,282.25,275,276.325012,276.325012,189610
2017-11-09,276.5,294.25,276.5,293.549988,293.549988,330358
2017-11-10,293.975006,302.475006,293.975006,295.225006,295.225006,354456
2017-11-13,300.5,311.5,299.524994,308.125,308.125,1320562
2017-11-14,329.5,329.5,319.799988,324.75,324.75,939026
2017-11-15,324.75,324.75,313.399994,322.274994,322.274994,277978
2017-11-16,321,328.825012,321,326.5,326.5,210554
2017-11-17,328.049988,329.950012,324.575012,329.200012,329.200012,191372
2017-11-20,331.899994,349.024994,327.450012,345.600006,345.600006,946130
2017-11-21,349.524994,354.125,339.799988,352.100006,352.100006,693050
2017-11-22,352.5,356.600006,351.174988,351.924988,351.924988,328946
2017-11-23,352,354,351,352.5,352.5,6582672
2017-11-24,354.899994,358.950012,346.399994,355.774994,355.774994,479070
2017-11-27,358.100006,362.5,358.100006,359.899994,359.899994,281236
2017-11-28,362.450012,363.5,350,351.274994,351.274994,204974
2017-11-29,351.5,355.950012,350.075012,350.850006,350.850006,327702
2017-11-30,351,368.950012,346,358.149994,358.149994,976354
2017-12-01,365.5,374,348.625,356.825012,356.825012,745776
2017-12-04,356.774994,371.5,356.75,369.350006,369.350006,581962
2017-12-05,372,376.299988,371.25,374.325012,374.325012,297424
2017-12-06,750,750,730,730,730,202000
2017-12-07,368.399994,373.450012,368.399994,372.075012,372.075012,83614
2017-12-08,376.450012,380.825012,368,379.25,379.25,6066954
2017-12-11,379.975006,388.350006,378.149994,380.5,380.5,477446
2017-12-12,382.5,382.5,373,374.350006,374.350006,222540
2017-12-13,374.850006,377.174988,370.049988,372.600006,372.600006,256554
2017-12-14,376.25,376.25,367.125,373.725006,373.725006,283128
2017-12-15,372.5,377.024994,366.774994,372.375,372.375,268686
2017-12-18,369.950012,374.700012,368.200012,373.950012,373.950012,285024
2017-12-19,376.5,382,376.5,380.774994,380.774994,468474
2017-12-20,385,387.274994,377.575012,380.200012,380.200012,251834
2017-12-21,390,405,381.25,392.799988,392.799988,476227
2017-12-22,395.950012,399.5,392.299988,397.899994,397.899994,183213
2017-12-26,401,432.25,401,428,428,365163
2017-12-27,434.799988,440,410.299988,413.350006,413.350006,232327
2017-12-28,418,419.25,403.600006,414.600006,414.600006,143999
2017-12-29,415,424.700012,414,421,421,111581
2018-01-01,419.799988,426.950012,418,420.049988,420.049988,65135
2018-01-02,421,423.850006,414,419.5,419.5,55515
2018-01-03,420,420.899994,414.200012,417.149994,417.149994,58939
2018-01-04,415.200012,416,410,411.149994,411.149994,89492
2018-01-05,410,417,402.100006,406.399994,406.399994,141004
2018-01-08,406.399994,420.600006,403.700012,418.549988,418.549988,231791
2018-01-09,418.049988,438.399994,418.049988,436.899994,436.899994,420018
2018-01-10,440.899994,441.549988,430.700012,435.399994,435.399994,214011
2018-01-11,433.850006,451,433.850006,447,447,214958
2018-01-12,449.799988,455,437.25,442,442,199433
2018-01-15,449.399994,452,441,443.75,443.75,106525
2018-01-16,443.950012,446,429,435,435,107234
2018-01-17,432.399994,450.700012,431.399994,448.649994,448.649994,170934
2018-01-18,452.899994,458.549988,434.899994,436.899994,436.899994,84249
2018-01-19,439.799988,449.75,436.149994,445.549988,445.549988,172366
2018-01-22,451,479.899994,447.200012,471.200012,471.200012,481894
2018-01-23,479.25,498.799988,478.850006,496.799988,496.799988,397597
2018-01-24,493,515.400024,493,502.399994,502.399994,361571
2018-01-25,504,512,503.049988,505.350006,505.350006,110425
2018-01-29,492,497.100006,482.549988,487.100006,487.100006,588117
2018-01-30,489,490.899994,395.100006,456.649994,456.649994,1672768
2018-01-31,440.799988,447.5,365.350006,365.350006,365.350006,2539912
2018-02-01,355,355,292.299988,292.299988,292.299988,1179898
2018-02-02,263.100006,263.100006,263.100006,263.100006,263.100006,35156
2018-02-05,236.800003,236.800003,236.800003,236.800003,236.800003,33783
2018-02-06,213.149994,213.149994,213.149994,213.149994,213.149994,15744
2018-02-07,202.5,202.5,202.5,202.5,202.5,21686
2018-02-08,192.399994,192.399994,192.399994,192.399994,192.399994,20241
2018-02-09,182.800003,202,182.800003,202,202,983643
2018-02-12,212.100006,212.100006,212.100006,212.100006,212.100006,374475
2018-02-14,222.699997,222.699997,222.699997,222.699997,222.699997,234675
2018-02-15,233.800003,233.800003,233.800003,233.800003,233.800003,59216
2018-02-16,245.449997,245.449997,245.449997,245.449997,245.449997,1812848
2018-02-19,257.700012,257.700012,233.199997,233.199997,233.199997,5723912
2018-02-20,230,239.649994,221.550003,221.550003,221.550003,895972
2018-02-21,225,225,210.5,210.5,210.5,466916
2018-02-22,200,205,200,200,200,52636
2018-02-23,190,190,190,190,190,50468
2018-02-26,185,189.5,180.5,180.5,180.5,598465
2018-02-27,171.5,171.5,171.5,171.5,171.5,28790
2018-02-28,162.949997,162.949997,162.949997,162.949997,162.949997,390757
2018-03-01,154.850006,154.850006,154.850006,154.850006,154.850006,41496
2018-03-05,147.149994,162.550003,147.149994,162.550003,162.550003,4345583
2018-03-06,164.699997,170.649994,164.699997,170.649994,170.649994,732732
2018-03-07,176,179.149994,164.5,178.149994,178.149994,1340198
2018-03-08,184,187.050003,172.149994,186.550003,186.550003,817815
2018-03-09,191.300003,195.850006,188,195.699997,195.699997,465351
2018-03-12,198,205.449997,198,205.350006,205.350006,558679
2018-03-13,208.800003,215.600006,207.300003,215.600006,215.600006,623133
2018-03-14,224,226.350006,223,226.350006,226.350006,138860
2018-03-15,236.800003,237.649994,228.449997,236.949997,236.949997,1172357
2018-03-16,245,248.75,236.100006,248.149994,248.149994,899788
2018-03-19,258.149994,260.549988,252.699997,260.450012,260.450012,853871
2018-03-20,261.200012,273.450012,261.200012,272.899994,272.899994,1255275
2018-03-21,280.799988,286.5,264.25,285.600006,285.600006,1304368
2018-03-22,286,293.850006,271.350006,271.350006,271.350006,956524
2018-03-23,257.799988,257.799988,257.799988,257.799988,257.799988,5428
2018-03-26,244.949997,244.949997,244.949997,244.949997,244.949997,53550
2018-03-27,232.75,232.75,232.75,232.75,232.75,7226
2018-03-28,221.149994,221.149994,221.149994,221.149994,221.149994,31282
2018-04-02,210.100006,210.100006,210.100006,210.100006,210.100006,19919
2018-04-03,199.600006,199.600006,199.600006,199.600006,199.600006,21067
2018-04-04,189.649994,189.649994,189.649994,189.649994,189.649994,17955
2018-04-05,180.199997,180.199997,180.199997,180.199997,180.199997,27255
2018-04-06,171.199997,171.199997,171.199997,171.199997,171.199997,55369
2018-04-09,162.649994,162.649994,162.649994,162.649994,162.649994,358554
2018-04-10,154.550003,154.550003,154.550003,154.550003,154.550003,96148
2018-04-11,146.850006,146.850006,146.850006,146.850006,146.850006,260978
2018-04-12,139.550003,139.550003,139.550003,139.550003,139.550003,129145
2018-04-13,132.600006,132.600006,132.600006,132.600006,132.600006,156868
2018-04-16,126,126,126,126,126,66431
2018-04-17,119.699997,119.699997,119.699997,119.699997,119.699997,64248
2018-04-18,113.75,125.650002,113.75,125.650002,125.650002,17053023
2018-04-19,131.899994,131.899994,120.599998,131.75,131.75,5483392
2018-04-20,129,137,128,135.75,135.75,1971101
2018-04-23,137.25,138.699997,129,129,129,1081191
2018-04-24,122.550003,122.550003,122.550003,122.550003,122.550003,40587
2018-04-25,116.449997,116.449997,116.449997,116.449997,116.449997,93182
2018-04-26,110.650002,110.650002,110.650002,110.650002,110.650002,208008
2018-04-27,105.150002,105.150002,105.150002,105.150002,105.150002,97140
2018-04-30,99.900002,99.900002,99.900002,99.900002,99.900002,61656
2018-05-02,94.949997,94.949997,94.949997,94.949997,94.949997,44256
2018-05-03,90.25,90.25,90.25,90.25,90.25,62584
2018-05-04,85.75,85.75,85.75,85.75,85.75,76326
2018-05-07,81.5,81.5,81.5,81.5,81.5,67475
2018-05-08,77.449997,77.449997,77.449997,77.449997,77.449997,40483
2018-05-09,73.599998,73.599998,73.599998,73.599998,73.599998,54037
2018-05-10,69.949997,69.949997,69.949997,69.949997,69.949997,95951
2018-05-11,66.5,66.5,66.5,66.5,66.5,52026
2018-05-14,63.200001,63.200001,63.200001,63.200001,63.200001,19644
2018-05-15,60.049999,60.049999,60.049999,60.049999,60.049999,16282
2018-05-16,57.049999,57.049999,57.049999,57.049999,57.049999,13924
2018-05-17,54.200001,54.200001,54.200001,54.200001,54.200001,20468
2018-05-18,51.5,51.5,51.5,51.5,51.5,34619
2018-05-21,48.950001,48.950001,48.950001,48.950001,48.950001,18894
2018-05-22,46.549999,46.549999,46.549999,46.549999,46.549999,24090
2018-05-23,44.25,44.25,44.25,44.25,44.25,26411
2018-05-24,42.049999,42.049999,42.049999,42.049999,42.049999,59105
2018-05-25,39.950001,39.950001,39.950001,39.950001,39.950001,222089
2018-05-28,38,38,38,38,38,89135
2018-05-29,36.099998,36.099998,36.099998,36.099998,36.099998,69329
2018-05-30,34.299999,34.299999,34.299999,34.299999,34.299999,1821990
2018-05-31,32.599998,32.599998,32.599998,32.599998,32.599998,886781
2018-06-01,31,34.200001,31,34.200001,34.200001,37390328
2018-06-04,35.900002,35.900002,35.900002,35.900002,35.900002,53395
2018-06-05,37.650002,37.650002,34.150002,34.150002,34.150002,14326320
2018-06-06,32.450001,33.650002,32.450001,32.450001,32.450001,3734925
2018-06-07,30.85,34.049999,30.85,34.049999,34.049999,10240299
2018-06-08,35.75,35.75,35.75,35.75,35.75,367422
2018-06-11,37.5,37.5,35.75,37.5,37.5,1328008
